state,fire_type,stratification,stratum,year,effect_pct,ci_lower,ci_upper,n_treated,n_control
CO,wildfire,size,small,0,0,0,0,12,40
CO,wildfire,size,small,1,-2.19647,-5.09101,0.698065,12,40
CO,wildfire,size,small,2,-2.16438,-5.01876,0.69001,12,40
CO,wildfire,size,small,3,-4.48721,-7.47743,-1.49699,12,40
CO,wildfire,size,small,4,0.291899,-2.88892,3.472717,12,40
CO,wildfire,size,small,5,-0.16735,-4.01737,3.682668,12,40
CO,wildfire,size,medium,0,0,0,0,14,40
CO,wildfire,size,medium,1,-6.34539,-9.39168,-3.29911,14,40
CO,wildfire,size,medium,2,-8.29063,-11.2079,-5.37332,14,40
CO,wildfire,size,medium,3,-11.5106,-14.713,-8.30812,14,40
CO,wildfire,size,medium,4,-12.0388,-15.531,-8.5465,14,40
CO,wildfire,size,medium,5,-5.92682,-9.64273,-2.21091,14,40
CO,wildfire,size,large,0,0,0,0,18,40
CO,wildfire,size,large,1,-24.1107,-29.621,-18.6003,18,40
CO,wildfire,size,large,2,-19.0475,-24.3068,-13.7883,18,40
CO,wildfire,size,large,3,-11.3843,-16.4056,-6.36291,18,40
CO,wildfire,size,large,4,-10.3161,-15.8799,-4.75224,18,40
CO,wildfire,size,large,5,-12.6858,-18.648,-6.72359,18,40
CO,wildfire,severity,low,0,0,0,0,31,40
CO,wildfire,severity,low,1,-7.40227,-10.9192,-3.88531,31,40
CO,wildfire,severity,low,2,-6.13977,-9.84573,-2.43382,31,40
CO,wildfire,severity,low,3,-9.05285,-13.0056,-5.1001,31,40
CO,wildfire,severity,low,4,-4.21431,-9.94457,1.515948,31,40
CO,wildfire,severity,low,5,-5.29837,-9.65853,-0.93822,31,40
CO,wildfire,severity,moderate,0,0,0,0,8,40
CO,wildfire,severity,moderate,1,-27.579,-35.7445,-19.4135,8,40
CO,wildfire,severity,moderate,2,-25.3252,-33.3098,-17.3405,8,40
CO,wildfire,severity,moderate,3,-14.0521,-21.3253,-6.77901,8,40
CO,wildfire,severity,moderate,4,-15.4738,-22.8494,-8.0983,8,40
CO,wildfire,severity,moderate,5,-17.1989,-26.0471,-8.35069,8,40
CO,wildfire,severity,high,0,0,0,0,5,40
CO,wildfire,severity,high,1,-26.2002,-33.9914,-18.4091,5,40
CO,wildfire,severity,high,2,-20.4055,-26.3312,-14.4798,5,40
CO,wildfire,severity,high,3,-17.9619,-23.7009,-12.2229,5,40
CO,wildfire,severity,high,4,-17.8237,-23.7842,-11.8632,5,40
CO,wildfire,severity,high,5,-14.9573,-22.4418,-7.47269,5,40
CO,wildfire,vegetation,grass,0,0,0,0,27,40
CO,wildfire,vegetation,grass,1,-4.96532,-6.99631,-2.93433,27,40
CO,wildfire,vegetation,grass,2,-6.08308,-8.32957,-3.83658,27,40
CO,wildfire,vegetation,grass,3,-8.09687,-10.3599,-5.83379,27,40
CO,wildfire,vegetation,grass,4,-6.2845,-8.85591,-3.71308,27,40
CO,wildfire,vegetation,grass,5,-4.14005,-6.91503,-1.36506,27,40
CO,wildfire,vegetation,tree,0,0,0,0,17,40
CO,wildfire,vegetation,tree,1,-25.972,-32.0014,-19.9427,17,40
CO,wildfire,vegetation,tree,2,-19.8411,-25.3131,-14.3691,17,40
CO,wildfire,vegetation,tree,3,-12.7723,-18.1372,-7.40744,17,40
CO,wildfire,vegetation,tree,4,-12.2728,-18.1174,-6.42819,17,40
CO,wildfire,vegetation,tree,5,-13.7174,-20.0764,-7.35839,17,40
CO,prescribed,size,small,0,0,0,0,10,22
CO,prescribed,size,small,1,-2.03292,-5.04539,0.979555,10,22
CO,prescribed,size,small,2,-2.43021,-5.48117,0.620742,10,22
CO,prescribed,size,small,3,0.262586,-2.77188,3.297048,10,22
CO,prescribed,size,small,4,5.533572,2.166963,8.900182,10,22
CO,prescribed,size,small,5,6.230453,2.495574,9.965332,10,22
CO,prescribed,size,medium,0,0,0,0,8,22
CO,prescribed,size,medium,1,0.230044,-4.4092,4.869291,8,22
CO,prescribed,size,medium,2,-0.20475,-5.30495,4.89544,8,22
CO,prescribed,size,medium,3,-1.65022,-6.39274,3.092299,8,22
CO,prescribed,size,medium,4,6.800985,1.68237,11.9196,8,22
CO,prescribed,size,large,0,0,0,0,4,22
CO,prescribed,size,large,1,20.14877,13.6287,26.66884,4,22
CO,prescribed,size,large,2,20.44653,15.06728,25.82579,4,22
CO,prescribed,size,large,3,-7.63679,-13.1707,-2.10288,4,22
CO,prescribed,size,large,4,-8.82366,-16.4295,-1.21783,4,22
CO,prescribed,severity,low,0,0,0,0,22,22
CO,prescribed,severity,low,1,5.062062,2.0739,8.050224,22,22
CO,prescribed,severity,low,2,4.529314,1.586331,7.472298,22,22
CO,prescribed,severity,low,3,-0.06807,-2.77327,2.637138,22,22
CO,prescribed,severity,low,4,5.549514,2.442169,8.656858,22,22
CO,prescribed,severity,low,5,5.815259,-0.50654,12.13705,22,22
CO,prescribed,vegetation,grass,0,0,0,0,8,22
CO,prescribed,vegetation,grass,1,1.162251,-3.19837,5.522872,8,22
CO,prescribed,vegetation,grass,2,2.708847,-1.76814,7.185832,8,22
CO,prescribed,vegetation,grass,3,5.310276,0.789563,9.83099,8,22
CO,prescribed,vegetation,grass,4,13.48671,7.253285,19.72013,8,22
CO,prescribed,vegetation,tree,0,0,0,0,14,22
CO,prescribed,vegetation,tree,1,4.827682,1.127143,8.528222,14,22
CO,prescribed,vegetation,tree,2,1.8636,-1.75381,5.481013,14,22
CO,prescribed,vegetation,tree,3,-5.41438,-8.52861,-2.30016,14,22
CO,prescribed,vegetation,tree,4,1.735212,-1.56912,5.039544,14,22
CO,prescribed,vegetation,tree,5,7.588281,4.249565,10.927,14,22
CA,wildfire,size,small,0,0,0,0,29,142
CA,wildfire,size,small,1,6.757128,0.937707,12.57655,29,142
CA,wildfire,size,small,2,9.778221,4.31663,15.23981,29,142
CA,wildfire,size,small,3,12.94392,6.964599,18.92325,29,142
CA,wildfire,size,small,4,15.78547,9.849645,21.7213,29,142
CA,wildfire,size,small,5,2.493888,-8.03904,13.02682,29,142
CA,wildfire,size,medium,0,0,0,0,59,142
CA,wildfire,size,medium,1,-10.0503,-15.9461,-4.15457,59,142
CA,wildfire,size,medium,2,-8.74942,-14.5003,-2.99851,59,142
CA,wildfire,size,medium,3,-7.58893,-13.8022,-1.37567,59,142
CA,wildfire,size,medium,4,-9.09448,-15.5773,-2.61165,59,142
CA,wildfire,size,medium,5,-6.94252,-20.5586,6.673553,59,142
CA,wildfire,size,large,0,0,0,0,53,142
CA,wildfire,size,large,1,-33.9216,-41.0965,-26.7467,53,142
CA,wildfire,size,large,2,-30.4577,-38.0465,-22.8689,53,142
CA,wildfire,size,large,3,-30.5799,-37.8027,-23.3572,53,142
CA,wildfire,size,large,4,-33.049,-40.7805,-25.3176,53,142
CA,wildfire,size,large,5,-32.2981,-43.0799,-21.5164,53,142
CA,wildfire,severity,low,0,0,0,0,99,142
CA,wildfire,severity,low,1,-12.2631,-16.8058,-7.7205,99,142
CA,wildfire,severity,low,2,-11.0419,-15.5538,-6.53004,99,142
CA,wildfire,severity,low,3,-10.5487,-15.2453,-5.85204,99,142
CA,wildfire,severity,low,4,-9.61984,-14.7617,-4.47795,99,142
CA,wildfire,severity,low,5,-10.0836,-20.0607,-0.10642,99,142
CA,wildfire,severity,moderate,0,0,0,0,25,142
CA,wildfire,severity,moderate,1,-13.0966,-20.6885,-5.5046,25,142
CA,wildfire,severity,moderate,2,-7.30893,-15.5708,0.95298,25,142
CA,wildfire,severity,moderate,3,-6.38421,-13.992,1.223524,25,142
CA,wildfire,severity,moderate,4,-10.939,-18.1726,-3.70534,25,142
CA,wildfire,severity,moderate,5,-11.8606,-22.9529,-0.76833,25,142
CA,wildfire,severity,high,0,0,0,0,17,142
CA,wildfire,severity,high,1,-58.0606,-74.2996,-41.8216,17,142
CA,wildfire,severity,high,2,-51.0066,-67.3702,-34.6429,17,142
CA,wildfire,severity,high,3,-55.0729,-71.1379,-39.0078,17,142
CA,wildfire,severity,high,4,-52.8966,-70.2908,-35.5023,17,142
CA,wildfire,severity,high,5,-51.5725,-78.6632,-24.4818,17,142
CA,wildfire,vegetation,grass,0,0,0,0,65,142
CA,wildfire,vegetation,grass,1,-6.29636,-10.6104,-1.98235,65,142
CA,wildfire,vegetation,grass,2,-4.77727,-9.02447,-0.53007,65,142
CA,wildfire,vegetation,grass,3,-4.72321,-8.9199,-0.52652,65,142
CA,wildfire,vegetation,grass,4,-5.14726,-9.58407,-0.71044,65,142
CA,wildfire,vegetation,grass,5,-5.8138,-13.1441,1.516445,65,142
CA,wildfire,vegetation,shrub,0,0,0,0,10,142
CA,wildfire,vegetation,shrub,1,-16.2988,-22.8462,-9.75138,10,142
CA,wildfire,vegetation,shrub,2,-17.7071,-24.9158,-10.4984,10,142
CA,wildfire,vegetation,shrub,3,-20.3107,-27.9008,-12.7205,10,142
CA,wildfire,vegetation,shrub,4,-17.6605,-23.4201,-11.9008,10,142
CA,wildfire,vegetation,shrub,5,-14.6041,-22.2818,-6.92638,10,142
CA,wildfire,vegetation,tree,0,0,0,0,66,142
CA,wildfire,vegetation,tree,1,-25.3277,-32.2823,-18.3732,66,142
CA,wildfire,vegetation,tree,2,-20.5999,-27.8129,-13.3869,66,142
CA,wildfire,vegetation,tree,3,-19.5073,-26.8548,-12.1597,66,142
CA,wildfire,vegetation,tree,4,-21.5147,-29.6692,-13.3601,66,142
CA,wildfire,vegetation,tree,5,-18.2159,-32.662,-3.76982,66,142
CA,prescribed,size,small,0,0,0,0,29,35
CA,prescribed,size,small,1,1.552049,-0.40071,3.504807,29,35
CA,prescribed,size,small,2,2.155301,0.119849,4.190754,29,35
CA,prescribed,size,small,3,4.182238,2.126467,6.238009,29,35
CA,prescribed,size,small,4,2.883803,0.489335,5.27827,29,35
CA,prescribed,size,small,5,3.143939,0.313205,5.974673,29,35
CA,prescribed,size,medium,0,0,0,0,2,35
CA,prescribed,size,medium,1,13.09061,10.65285,15.52837,2,35
CA,prescribed,size,medium,2,11.80414,8.866469,14.74181,2,35
CA,prescribed,size,medium,3,8.072807,5.799552,10.34606,2,35
CA,prescribed,size,medium,4,12.24504,9.910574,14.57951,2,35
CA,prescribed,severity,low,0,0,0,0,32,35
CA,prescribed,severity,low,1,1.402109,-0.59573,3.399952,32,35
CA,prescribed,severity,low,2,1.989195,-0.07187,4.050257,32,35
CA,prescribed,severity,low,3,3.733592,1.669029,5.798156,32,35
CA,prescribed,severity,low,4,3.788763,1.223757,6.353769,32,35
CA,prescribed,severity,low,5,4.087008,0.925127,7.248888,32,35
CA,prescribed,vegetation,grass,0,0,0,0,2,35
CA,prescribed,vegetation,grass,1,1.234436,-1.2183,3.687176,2,35
CA,prescribed,vegetation,grass,2,1.26361,-0.75005,3.277269,2,35
CA,prescribed,vegetation,grass,3,-0.60791,-2.90348,1.687662,2,35
CA,prescribed,vegetation,grass,4,-4.67089,-6.65604,-2.68575,2,35
CA,prescribed,vegetation,grass,5,0.186904,-1.9376,2.311411,2,35
CA,prescribed,vegetation,shrub,0,0,0,0,2,35
CA,prescribed,vegetation,shrub,1,-23.6522,-27.3932,-19.9113,2,35
CA,prescribed,vegetation,shrub,2,-21.5688,-25.5154,-17.6222,2,35
CA,prescribed,vegetation,shrub,3,-17.4938,-21.0822,-13.9054,2,35
CA,prescribed,vegetation,shrub,4,-21.1376,-25.2778,-16.9974,2,35
CA,prescribed,vegetation,tree,0,0,0,0,28,35
CA,prescribed,vegetation,tree,1,3.397667,1.466667,5.328668,28,35
CA,prescribed,vegetation,tree,2,4.169433,2.15846,6.180407,28,35
CA,prescribed,vegetation,tree,3,5.535586,3.528005,7.543167,28,35
CA,prescribed,vegetation,tree,4,6.137142,3.760916,8.513367,28,35
CA,prescribed,vegetation,tree,5,7.084258,3.921801,10.24672,28,35